commodity,month,production
ANIMAL TOTALS,Apr,1743986786.9886363
ANIMAL TOTALS,Aug,1743986786.9886363
ANIMAL TOTALS,Dec,1743986786.9886363
ANIMAL TOTALS,Feb,1743986786.9886363
ANIMAL TOTALS,Jan,1743986786.9886363
ANIMAL TOTALS,Jul,1743986786.9886363
ANIMAL TOTALS,Jun,1743986786.9886363
ANIMAL TOTALS,Mar,1743986786.9886363
ANIMAL TOTALS,May,1743986786.9886363
ANIMAL TOTALS,Nov,1743986786.9886363
ANIMAL TOTALS,Oct,1743986786.9886363
ANIMAL TOTALS,Sep,1743986786.9886363
