commodity,month,production
FISH,Apr,15058.522727272728
FISH,Aug,15058.522727272728
FISH,Dec,15058.522727272728
FISH,Feb,15058.522727272728
FISH,Jan,15058.522727272728
FISH,Jul,15058.522727272728
FISH,Jun,15058.522727272728
FISH,Mar,15058.522727272728
FISH,May,15058.522727272728
FISH,Nov,15058.522727272728
FISH,Oct,15058.522727272728
FISH,Sep,15058.522727272728
