{"Corn": 0.26061095473868, "Soybeans": 0.30262461570911575, "Wheat": 0.2539458477219761, "Animal_Products": 0.3202712022131606, "Fish": 0.3601322348478091, "Fruit": 0.34098940106899717, "Nuts": 0.3176466694389095, "Vegetables": 0.31151827964578904}