commodity,month,production
VEGETABLE TOTALS,Apr,437404966.6666666
VEGETABLE TOTALS,Aug,437404966.6666666
VEGETABLE TOTALS,Dec,437404966.6666666
VEGETABLE TOTALS,Feb,437404966.6666666
VEGETABLE TOTALS,Jan,437404966.6666666
VEGETABLE TOTALS,Jul,437404966.6666666
VEGETABLE TOTALS,Jun,437404966.6666666
VEGETABLE TOTALS,Mar,437404966.6666666
VEGETABLE TOTALS,May,437404966.6666666
VEGETABLE TOTALS,Nov,437404966.6666666
VEGETABLE TOTALS,Oct,437404966.6666666
VEGETABLE TOTALS,Sep,437404966.6666666
